{"objective": 1.3038326664764244, "yearly profit": 24.135833035835958, "params": [12, 41, 24]}
