{"objective": 1.0626998284240499, "yearly profit": 2.074566332229039, "params": [11, 34, "long", 2.233, "stop_loss", 0.3354, "short", 2.055, "stop_loss", 0.9745]}