{"objective": 1.0646857568752748, "yearly profit": 2.121569828613088, "params": [8, 47, "take_profit", 2.29]}