{"objective": 1.1792697094271314, "yearly profit": 7.233653827449153, "params": [2, 55, 17, "long", 3.888, "stop_loss", 0.9584, "short", 7.224, "stop_loss", 0.99]}