{"objective": 1.1897746911979432, "yearly profit": 8.045938651949324, "params": [11, 14, 1, "take_profit", 2.6, "take_profit", 1.05]}