{"objective": 1.0757042502360548, "yearly profit": 2.4005713295379913, "params": [12, 38, 24, "long", 3.913, "stop_loss", 0.3094]}