{"objective": 1.1714877081729833, "yearly profit": 6.681174786501321, "params": [12, 34, "take_profit", 5.19, "take_profit", 9.5]}