{"objective": 1.2818209609203652, "yearly profit": 19.675620122963103, "params": [12, 38, 24, "take_profit", 40.93, "take_profit", 9.55]}