{"objective": 1.055573812288285, "yearly profit": 1.9136534263509037, "params": [10, 12, "long", 1.691, "trailing", 0.5578]}