{"objective": 1.1795659937959435, "yearly profit": 7.255492929514169, "params": [11, 34, "take_profit", 9.59, "take_profit", 10.01]}