{"objective": 1.2789799025961004, "yearly profit": 19.158638474818858, "params": [12, 41, 11, "take_profit", 2.92, "take_profit", 9.69]}