{"objective": 1.069656516618223, "yearly profit": 2.243531110267856, "params": [12, 34, "take_profit", 1.82]}