{"objective": 1.059364801770558, "yearly profit": 1.9977745154287336, "params": [9, 17, 1, "long", 1.719, "stop_loss", 0.1254]}