{"objective": 1.1202453505600822, "yearly profit": 3.906229911351652, "params": [11, 14, 1, "take_profit", 4.74, "take_profit", 1.05]}