{"objective": 1.0984068964854303, "yearly profit": 3.0843170320638382, "params": [12, 38, 24, "take_profit", 3.94, "take_profit", 2.26]}