{"objective": 1.0949871920866407, "yearly profit": 2.9710398153088318, "params": [12, 38, 24, "long", 3.909, "stop_loss", 0.5515, "short", 2.127, "stop_loss", 0.9347]}