{"objective": 1.1191774638010041, "yearly profit": 3.8617795406293145, "params": [11, 14, 1, "take_profit", 4.67, "take_profit", 1.05]}