{"objective": 1.3038326664764244, "yearly profit": 24.135833035835958, "params": [12, 41, 24, "long", 35.45, "stop_loss", 0.9233, "short", 9.007, "stop_loss", 0.9571]}