{"objective": 1.309587328719117, "yearly profit": 25.445651299574646, "params": [12, 40, 25, "long", 36.93, "stop_loss", 0.9293, "short", 8.664, "stop_loss", 0.9018]}