{"objective": 1.2247898654830225, "yearly profit": 11.395647574775854, "params": [11, 14, 1, "take_profit", 2.59, "take_profit", 1.05]}