{"objective": 1.0864129377787608, "yearly profit": 2.7035795095421125, "params": [12, 37, 25, "take_profit", 1.87]}