{"objective": 1.0621683913339683, "yearly profit": 2.062151076617493, "params": [11, 34, "take_profit", 2.28, "take_profit", 2.3]}