{"objective": 1.2739541504812146, "yearly profit": 18.27450308745352, "params": [12, 41, 11, "take_profit", 2.92, "take_profit", 9.74]}