{"objective": 1.1508661637748687, "yearly profit": 5.398807723082913, "params": [2, 55, 17, "long", 3.888, "stop_loss", 0.9584, "short", 6.646, "stop_loss", 0.99]}