{"objective": 1.0676823972239555, "yearly profit": 2.1943454140570458, "params": [8, 47, "long", 2.289, "stop_loss", 0.8053]}