{"objective": 1.255320071748272, "yearly profit": 15.312767044638619, "params": [12, 38, 24, "take_profit", 26.55, "take_profit", 9.58]}