{"objective": 1.2675776076085317, "yearly profit": 17.206585731390437, "params": [12, 34, "take_profit", 3.22, "take_profit", 9.5]}