{"objective": 1.0863464687229194, "yearly profit": 2.701595248353984, "params": [8, 15, "long", 4.469, "stop_loss", 0.2364, "short", 7.226, "stop_loss", 0.99]}