{"objective": 1.1412398042387712, "yearly profit": 4.881158691156969, "params": [10, 14, 1, "long", 4.614, "stop_loss", 0.9532, "short", 7.312, "stop_loss", 0.9786]}