{"objective": 1.2869048182959655, "yearly profit": 20.632750334991105, "params": [12, 34, "take_profit", 3.22, "take_profit", 9.46]}