{"objective": 1.0685971888033916, "yearly profit": 2.2170134507554127, "params": [12, 41, 11, "take_profit", 1.47]}