{"objective": 1.047487477304937, "yearly profit": 1.7449624116671265, "params": [7, 17, "take_profit", 4.5, "take_profit", 1.04]}