{"objective": 1.1797810413049232, "yearly profit": 7.271381903688257, "params": [8, 47, "long", 9.533, "stop_loss", 0.6453, "short", 8.634, "stop_loss", 0.9377]}