{"objective": 1.07028166846465, "yearly profit": 2.2593163435138632, "params": [12, 38, 24, "take_profit", 3.36]}