{"objective": 1.0614793240700204, "yearly profit": 2.046154723869629, "params": [11, 34, "long", 2.265, "stop_loss", 0.2024, "short", 2.055, "stop_loss", 0.9745]}