{"objective": 1.1000197465879753, "yearly profit": 3.1391045153160433, "params": [5, 9, "take_profit", 1.88, "take_profit", 1.43]}