{"objective": 1.1962218895431567, "yearly profit": 8.585012722839405, "params": [8, 47, "long", 3.367, "stop_loss", 0.0, "short", 8.634, "stop_loss", 0.9377]}