{"objective": 1.1573815163008743, "yearly profit": 5.777214696620689, "params": [7, 17, "take_profit", 4.5, "take_profit", 1.05]}