{"objective": 1.2826186764744494, "yearly profit": 19.82306083340417, "params": [12, 38, 24, "take_profit", 40.79, "take_profit", 9.57]}