{"objective": 1.0619609301050015, "yearly profit": 2.0573229482356745, "params": [8, 47, "long", 2.275, "stop_loss", 0.5062]}