{"objective": 1.0943374067031908, "yearly profit": 2.949951899596081, "params": [10, 12, "long", 4.528, "stop_loss", 0.6259, "short", 7.351, "stop_loss", 0.99]}