{"objective": 1.40331885736564, "yearly profit": 58.32789910283613, "params": [12, 37, 25, "take_profit", 5.66, "take_profit", 9.48]}