{"objective": 1.0705696052805207, "yearly profit": 2.266621005251029, "params": [10, 37, "take_profit", 1.58]}