{"objective": 1.3175926427291973, "yearly profit": 27.376248441866878, "params": [12, 40, 25, "long", 36.93, "stop_loss", 0.9293, "short", 8.925, "stop_loss", 0.8146]}