{"objective": 1.0780105217355807, "yearly profit": 2.463065701901469, "params": [12, 38, 24, "take_profit", 3.94]}