{"objective": 1.0986384406893388, "yearly profit": 3.0921281735461403, "params": [11, 14, 1, "take_profit", 4.83, "take_profit", 1.04]}