{"objective": 1.0967088848046387, "yearly profit": 3.0275849811840048, "params": [12, 40, 25, "long", 3.795, "trailing", 0.3838, "short", 1.993, "stop_loss", 0.963]}