{"objective": 1.1960459322332153, "yearly profit": 8.56987130878527, "params": [8, 47, "long", 5.593, "stop_loss", 0.4851, "short", 8.634, "stop_loss", 0.9377]}