{"objective": 1.1016300468917948, "yearly profit": 3.1946940521328093, "params": [8, 47, "take_profit", 1.87]}