{"objective": 1.0753666344840995, "yearly profit": 2.391545728480998, "params": [12, 38, 24, "long", 3.927, "stop_loss", 0.3511]}