{"objective": 1.3555522818773613, "yearly profit": 38.49419738641798, "params": [12, 37, 25, "take_profit", 3.28, "take_profit", 9.45]}