{"objective": 1.0642980960920032, "yearly profit": 2.112318598786446, "params": [8, 47, "take_profit", 2.28]}