{"objective": 1.0609162589461019, "yearly profit": 2.0331679838384153, "params": [8, 47, "long", 2.277, "stop_loss", 0.2884]}