{"objective": 1.1714114694388487, "yearly profit": 6.675959038767028, "params": [3, 26, 13, "take_profit", 1.99, "take_profit", 1.04]}