{"objective": 1.2663423969451089, "yearly profit": 17.006453922991863, "params": [12, 34, "take_profit", 3.22, "take_profit", 9.5]}