{"objective": 1.3221174087395327, "yearly profit": 28.525961066445518, "params": [12, 34, "take_profit", 5.19, "take_profit", 9.49]}