{"objective": 1.1798240154952733, "yearly profit": 7.274560910803768, "params": [11, 34, "take_profit", 9.55, "take_profit", 10.05]}