{"ETH_high_macross_3_3": [45, 1.4181933795728385], "BTC_high_macross_3_3": [34, 1.30346627312904]}