{"ETH_high_macross_3_3": [51, 1.4207758761370224], "ETH_high_ma_3_3": [54, 1.404062069450229]}