{"objective": 1.4192066822282214, "yearly profit": 66.76483315281864, "params": [12, 39, 25]}
