{"objective": 1.068852364557117, "yearly profit": 2.2233747440990808, "params": [12, 60, "long", 2.033, "stop_loss", 0.9276, "short", 2.045, "stop_loss", 0.5195]}