{"objective": 1.1423006530761721, "yearly profit": 4.935885777999608, "params": [12, 39, 25, "take_profit", 1.68, "take_profit", 2.22]}