{"objective": 1.5555279390880346, "yearly profit": 200.69372387480124, "params": [12, 41, 22, "take_profit", 4.26, "take_profit", 3.08]}