{"objective": 1.1887988469282968, "yearly profit": 7.967104288883416, "params": [12, 40, "take_profit", 3.85, "take_profit", 8.92]}