{"objective": 1.372059667326466, "yearly profit": 44.51188410050652, "params": [2, 44, 7, "take_profit", 1.79, "take_profit", 1.11]}