{"objective": 1.074558124062797, "yearly profit": 2.370057831477391, "params": [9, 49, "take_profit", 1.65]}