{"objective": 1.1719132700347923, "yearly profit": 6.710357584713588, "params": [12, 60, "long", 12.69, "stop_loss", 0.7488, "short", 6.299, "stop_loss", 0.99]}