{"objective": 1.0332359278898302, "yearly profit": 1.4804508363878741, "params": [3, 40, "long", 4.504, "stop_loss", 0.9582]}