{"objective": 1.0101387144336806, "yearly profit": 1.1286835452258488, "params": [11, 4, "take_profit", 1.72, "stop_loss", 0.99]}