{"objective": 1.2799866521326229, "yearly profit": 19.340392765427804, "params": [8, 11, 1, "take_profit", 1.8, "take_profit", 1.11]}