{"objective": 1.1025485578708567, "yearly profit": 3.2268048898655377, "params": [12, 38, 25, "take_profit", 1.7]}