{"objective": 1.040951333938991, "yearly profit": 1.6186953259539296, "params": [5, 14, "long", 1.213, "stop_loss", 0.9426]}