{"objective": 1.0746099664343371, "yearly profit": 2.3714303252433813, "params": [10, 48, "take_profit", 1.66]}