{"objective": 1.0695359966872735, "yearly profit": 2.2404996019579393, "params": [2, 44, 10, "long", 1.226, "stop_loss", 0.1007]}