{"objective": 1.062052854758537, "yearly profit": 2.0594609790061105, "params": [12, 38, "take_profit", 1.64, "take_profit", 2.13]}