{"objective": 1.5809782910975283, "yearly profit": 243.84332883988034, "params": [12, 41, 22, "take_profit", 4.28, "take_profit", 3.08]}