{"objective": 1.1880883441596632, "yearly profit": 7.910151885930889, "params": [12, 40, "take_profit", 3.85, "take_profit", 8.91]}