{"objective": 1.1859090447236134, "yearly profit": 7.7377835391556795, "params": [11, 40, "long", 3.72, "stop_loss", 0.8366, "short", 1.544, "stop_loss", 0.99]}