{"objective": 1.2467105167257024, "yearly profit": 14.098972914768185, "params": [2, 35, "take_profit", 1.8, "take_profit", 1.11]}