{"objective": 1.1395456102120858, "yearly profit": 4.7949109895957465, "params": [12, 39, 25, "long", 2.207, "stop_loss", 0.6217, "short", 2.204, "stop_loss", 0.5791]}