{"objective": 1.1822322313623683, "yearly profit": 7.454757916343087, "params": [12, 40, "take_profit", 3.85, "take_profit", 8.9]}