{"objective": 1.3530551506479438, "yearly profit": 37.65182106350117, "params": [2, 44, 6, "take_profit", 1.79, "take_profit", 1.12]}