{"objective": 1.4192066822282214, "yearly profit": 66.76483315281864, "params": [12, 39, 25, "long", 4.28, "stop_loss", 0.1563, "short", 8.076, "stop_loss", 0.08963]}