{"objective": 1.0752219813449708, "yearly profit": 2.3876881927245632, "params": [10, 48, "take_profit", 1.66]}