{"objective": 1.1479608129175933, "yearly profit": 5.237508701895614, "params": [2, 43, 10, "long", 1.641, "stop_loss", 0.7479, "short", 9.194, "stop_loss", 0.99]}