{"objective": 1.0733000898390777, "yearly profit": 2.3369745804737487, "params": [9, 49, "long", 1.695, "trailing", 0.5453]}