{"objective": 1.2338513588847217, "yearly profit": 12.44956350161458, "params": [8, 6, "take_profit", 1.8, "stop_loss", 0.95]}