{"objective": 1.447568636543951, "yearly profit": 84.65838509336366, "params": [12, 42, 20, "take_profit", 3.93, "take_profit", 3.19]}