{"objective": 1.0355991677787688, "yearly profit": 1.521599346592568, "params": [8, 9, "long", 1.748, "trailing", 0.3088]}