{"objective": 1.3448420385617532, "yearly profit": 34.99897420037657, "params": [12, 40, "take_profit", 3.85, "take_profit", 1.76]}