{"objective": 1.1391732067592402, "yearly profit": 4.7761410303255, "params": [2, 43, 9, "long", 1.647, "stop_loss", 0.3, "short", 9.329, "stop_loss", 0.9783]}