{"objective": 1.1980728349071024, "yearly profit": 8.745782106306917, "params": [9, 48, "long", 5.117, "stop_loss", 0.1549]}