{"objective": 1.4470779864455654, "yearly profit": 84.31468908045109, "params": [12, 39, 25, "take_profit", 4.31, "take_profit", 8.12]}