{"objective": 1.0782141546121866, "yearly profit": 2.468654692666499, "params": [12, 50, "long", 4.652, "stop_loss", 0.6302, "short", 1.974, "stop_loss", 0.9739]}