{"objective": 1.140381969152357, "yearly profit": 4.837312042574773, "params": [2, 41, 10, "long", 1.857, "trailing", 0.05893, "short", 8.705, "stop_loss", 0.99]}