{"objective": 1.1083042541553936, "yearly profit": 3.4348517940923795, "params": [12, 39, 25, "long", 2.951, "stop_loss", 0.08144]}