{"objective": 1.1465349200041512, "yearly profit": 5.159973115224327, "params": [12, 39, 25, "long", 2.73, "stop_loss", 0.35, "short", 2.218, "stop_loss", 0.2429]}