{"objective": 1.1022648271834112, "yearly profit": 3.2168543202985815, "params": [12, 39, 25, "take_profit", 1.68]}