{"objective": 1.230421983358739, "yearly profit": 12.04062365809084, "params": [8, 6, "take_profit", 1.8, "stop_loss", 0.96]}