{"objective": 1.2335820762854686, "yearly profit": 12.416997864549858, "params": [12, 7, 1, "take_profit", 1.8, "take_profit", 1.05]}