{"objective": 1.01416666817329, "yearly profit": 1.183891749345241, "params": [11, 4, "take_profit", 1.73, "stop_loss", 0.99]}