{"objective": 1.2062482460803132, "yearly profit": 9.48943463204146, "params": [8, 6, "take_profit", 1.79, "stop_loss", 0.95]}