{"objective": 1.1066197956268284, "yearly profit": 3.3727272165857727, "params": [9, 49, "take_profit", 1.65]}