{"objective": 1.1031157647362433, "yearly profit": 3.2467817349280437, "params": [12, 39, 25, "take_profit", 1.68]}