{"objective": 1.1307699409537715, "yearly profit": 4.370096855219808, "params": [12, 38, 25, "take_profit", 1.69]}