{"objective": 1.426736484434542, "yearly profit": 71.14185837686536, "params": [12, 39, 25, "long", 4.314, "stop_loss", 0.3622, "short", 8.144, "stop_loss", 0.08658]}