{"objective": 1.4392580537983488, "yearly profit": 79.00671782867401, "params": [12, 42, 20, "take_profit", 3.92, "take_profit", 3.19]}