{"objective": 1.02825520688906, "yearly profit": 1.3970469723169474, "params": [7, 10, "long", 1.737, "stop_loss", 0.808, "short", 9.454, "stop_loss", 0.99]}