{"objective": 1.1006597929971518, "yearly profit": 3.161092645282877, "params": [12, 39, 25, "long", 2.174, "stop_loss", 0.08988]}