{"objective": 1.110340360586998, "yearly profit": 3.5113451363160424, "params": [12, 41, 20, "take_profit", 1.67]}