{"objective": 1.0787782901046974, "yearly profit": 2.4841989553020394, "params": [10, 47, "long", 3.172, "stop_loss", 0.3482]}