{"objective": 1.3755007610466654, "yearly profit": 45.870135198650566, "params": [10, 50, "trailing", 0.11, "take_profit", 1.7]}