{"objective": 1.443430679651224, "yearly profit": 81.79960041490185, "params": [12, 39, 25, "take_profit", 4.3, "take_profit", 8.16]}