{"objective": 1.0631406417649434, "yearly profit": 2.084916413073198, "params": [12, 38, "take_profit", 1.64, "take_profit", 2.14]}