{"objective": 1.078835094180876, "yearly profit": 2.4857691037092993, "params": [10, 47, "long", 3.051, "stop_loss", 0.0]}