{"objective": 1.1067713855521666, "yearly profit": 3.378275537822736, "params": [12, 39, 25, "long", 2.781, "stop_loss", 0.0]}