{"objective": 1.10782566068198, "yearly profit": 3.4170949486342317, "params": [9, 49, "take_profit", 1.69]}