{"objective": 1.1117455714414712, "yearly profit": 3.5650440280075912, "params": [12, 41, 20, "take_profit", 1.66]}