{"objective": 1.1246567929379114, "yearly profit": 4.0948700951962325, "params": [9, 49, "take_profit", 1.63]}