{"objective": 1.1164858642400375, "yearly profit": 3.7517919428144615, "params": [2, 44, 7, "take_profit", 1.79, "take_profit", 1.02]}