{"objective": 1.4440845990995113, "yearly profit": 82.24540358856005, "params": [12, 39, 25, "take_profit", 4.3, "take_profit", 8.15]}