{"params": [24, 50, 25], "secondary_params": {"balancing_period": 38, "displacement": 37, "stop_loss": 0.9838636270553526, "take_profit": 69.6279810486018, "target_usd_percentage": 0.26985374651213984}, "objective": 1.050236914767672, "stats": {"median": 1.050236914767672, "mean": 1.044681267633307, "fraction_of_positives": 0.5583333333333333}}