{"params": [24, 60, 1], "secondary_params": {"balancing_period": 144, "displacement": 46, "stop_loss": 0.9776708733378519, "take_profit": 88.17686114583073, "target_usd_percentage": 0.0385111484216038}, "objective": 1.1720557687655826, "stats": {"median": 1.3542032202608445, "mean": 1.4190007830605615, "fraction_of_positives": 0.8211009174311926}}